id,title,type,release_date,year,month,month_num,actor,country,genre
1,Ser_0_Doc,Series,2019-02-01,2019,February,2,Tony,Not_Specified,Documentary
2,Mov_1_Thr,Movie,2019-02-22,2019,February,2,Maria,United States,Thriller
3,Mov_2_Sci,Movie,2017-02-07,2017,February,2,Hiro,United States,Sci-Fi
4,Ser_3_Doc,Series,2019-04-23,2019,April,4,Chen,Australia,Documentary
5,Mov_4_TV ,Movie,2018-01-25,2018,January,1,Chris,Japan,TV Comedy
6,Ser_5_Dra,Series,2017-04-25,2017,April,4,Amanda,France,Dramas
7,Ser_6_Thr,Series,2017-06-28,2017,June,6,Vikram,United States,Thriller
8,Mov_7_TV ,Movie,2019-08-18,2019,August,8,Amanda,Brazil,TV Comedy
9,Ser_8_Thr,Series,2018-11-20,2018,November,11,Suhasini,India,Thriller
10,Ser_9_Dra,Series,2017-11-08,2017,November,11,Tony,India,Dramas
11,Ser_10_Act,Series,2018-05-15,2018,May,5,Patricia,United Kingdom,Action
12,Mov_11_Thr,Movie,2017-11-09,2017,November,11,Russell,Brazil,Thriller
13,Ser_12_TV ,Series,2019-04-06,2019,April,4,Vikram,Brazil,TV Comedy
14,Mov_13_Doc,Movie,2017-11-11,2017,November,11,Alex,United Kingdom,Documentary
15,Mov_14_Thr,Movie,2018-05-03,2018,May,5,Chris,Canada,Thriller
16,Ser_15_Act,Series,2019-08-13,2019,August,8,Vikram,Not_Specified,Action
17,Ser_16_Thr,Series,2017-12-18,2017,December,12,Maria,Australia,Thriller
18,Mov_17_Sci,Movie,2018-06-08,2018,June,6,Ivan,India,Sci-Fi
19,Mov_18_TV ,Movie,2017-02-05,2017,February,2,Hiro,India,TV Comedy
20,Ser_19_Sci,Series,2018-07-20,2018,July,7,Vikram,Brazil,Sci-Fi
21,Mov_20_Sci,Movie,2017-11-24,2017,November,11,Vikram,United Kingdom,Sci-Fi
22,Mov_21_Adv,Movie,2017-05-14,2017,May,5,Stephen,Japan,Adventure
23,Mov_22_Sta,Movie,2019-03-17,2019,March,3,Olga,Australia,Stand-Up Comedy
24,Mov_23_Sci,Movie,2017-03-12,2017,March,3,Olga,United States,Sci-Fi
25,Mov_24_Dra,Movie,2019-06-16,2019,June,6,Patricia,Japan,Dramas
26,Mov_25_Dra,Movie,2017-01-08,2017,January,1,Ivan,India,Dramas
27,Ser_26_Sci,Series,2019-03-05,2019,March,3,Russell,Japan,Sci-Fi
28,Mov_27_Sci,Movie,2019-10-14,2019,October,10,Suhasini,Japan,Sci-Fi
29,Ser_28_Adv,Series,2018-11-21,2018,November,11,Olga,Germany,Adventure
30,Mov_29_Int,Movie,2017-04-08,2017,April,4,Stephen,Australia,International Movies
31,Mov_30_Com,Movie,2019-04-19,2019,April,4,Amanda,United States,Comedies
32,Ser_31_Dra,Series,2017-02-02,2017,February,2,Olga,Canada,Dramas
33,Mov_32_Sci,Movie,2018-11-16,2018,November,11,Naseeruddin,Australia,Sci-Fi
34,Ser_33_TV ,Series,2019-08-08,2019,August,8,Suhasini,India,TV Comedy
35,Ser_34_TV ,Series,2017-11-14,2017,November,11,Maria,Germany,TV Comedy
36,Mov_35_Com,Movie,2019-01-22,2019,January,1,Lee,United Kingdom,Comedies
37,Mov_36_Sci,Movie,2017-04-07,2017,April,4,Chen,Not_Specified,Sci-Fi
38,Ser_37_Doc,Series,2018-03-09,2018,March,3,Amanda,Germany,Documentary
39,Mov_38_Dra,Movie,2019-02-02,2019,February,2,Tony,Not_Specified,Dramas
40,Mov_39_TV ,Movie,2018-08-16,2018,August,8,Alex,Not_Specified,TV Comedy
41,Ser_40_Adv,Series,2018-01-13,2018,January,1,Amanda2,France,Adventure
42,Ser_41_Act,Series,2019-12-26,2019,December,12,Suhasini,Japan,Action
43,Mov_42_Int,Movie,2017-01-19,2017,January,1,Alex,United States,International Movies
44,Mov_43_Com,Movie,2019-08-17,2019,August,8,Olga,India,Comedies
45,Mov_44_Doc,Movie,2017-02-20,2017,February,2,Lee,India,Documentary
46,Mov_45_Thr,Movie,2019-04-19,2019,April,4,Amanda,France,Thriller
47,Ser_46_Sta,Series,2019-10-19,2019,October,10,Suhasini,United Kingdom,Stand-Up Comedy
48,Mov_47_Sta,Movie,2017-05-13,2017,May,5,Chen,United Kingdom,Stand-Up Comedy
49,Mov_48_Dra,Movie,2017-01-15,2017,January,1,Jorge,Canada,Dramas
50,Ser_49_Dra,Series,2019-05-05,2019,May,5,Tony,United Kingdom,Dramas
51,Ser_50_Thr,Series,2018-03-15,2018,March,3,Olga,United States,Thriller
52,Mov_51_Act,Movie,2019-09-10,2019,September,9,Vikram,India,Action
53,Mov_52_Sta,Movie,2017-12-18,2017,December,12,Amanda2,Australia,Stand-Up Comedy
54,Mov_53_Sta,Movie,2017-12-11,2017,December,12,Olga,Germany,Stand-Up Comedy
55,Ser_54_Sta,Series,2018-01-03,2018,January,1,Alex,United States,Stand-Up Comedy
56,Ser_55_Act,Series,2018-03-21,2018,March,3,Chen,Brazil,Action
57,Mov_56_Dra,Movie,2019-07-18,2019,July,7,Amanda,Not_Specified,Dramas
58,Ser_57_Thr,Series,2019-01-27,2019,January,1,Jorge,Not_Specified,Thriller
59,Ser_58_Int,Series,2018-03-02,2018,March,3,Alex,United Kingdom,International Movies
60,Mov_59_Int,Movie,2017-11-08,2017,November,11,Jorge,France,International Movies
61,Mov_60_Act,Movie,2019-12-05,2019,December,12,Russell,France,Action
62,Ser_61_TV ,Series,2017-03-24,2017,March,3,Tony,Japan,TV Comedy
63,Ser_62_Com,Series,2017-12-04,2017,December,12,Ivan,Canada,Comedies
64,Ser_63_Doc,Series,2017-08-12,2017,August,8,Tony,United States,Documentary
65,Ser_64_Sta,Series,2019-04-13,2019,April,4,Amanda,Japan,Stand-Up Comedy
66,Ser_65_Sci,Series,2018-11-17,2018,November,11,Chris,United States,Sci-Fi
67,Ser_66_Com,Series,2017-05-06,2017,May,5,Montana,Australia,Comedies
68,Ser_67_TV ,Series,2018-06-24,2018,June,6,Hiro,Brazil,TV Comedy
69,Mov_68_Sta,Movie,2017-07-19,2017,July,7,Alex,France,Stand-Up Comedy
70,Mov_69_Int,Movie,2017-09-26,2017,September,9,Maria,India,International Movies
71,Ser_70_Dra,Series,2019-06-20,2019,June,6,Amanda2,Brazil,Dramas
72,Ser_71_TV ,Series,2018-11-14,2018,November,11,Amanda2,Brazil,TV Comedy
73,Ser_72_Act,Series,2017-04-14,2017,April,4,Hiro,Australia,Action
74,Mov_73_Sta,Movie,2018-07-18,2018,July,7,Amanda2,Canada,Stand-Up Comedy
75,Ser_74_Adv,Series,2018-10-20,2018,October,10,Chen,Germany,Adventure
76,Ser_75_Act,Series,2019-04-17,2019,April,4,Amanda,Japan,Action
77,Ser_76_Dra,Series,2019-11-21,2019,November,11,Tony,Japan,Dramas
78,Mov_77_Com,Movie,2017-04-05,2017,April,4,Tony,Germany,Comedies
79,Ser_78_Thr,Series,2019-02-15,2019,February,2,Suhasini,France,Thriller
80,Mov_79_Com,Movie,2018-07-08,2018,July,7,Montana,France,Comedies
81,Ser_80_Com,Series,2017-03-26,2017,March,3,Jorge,Canada,Comedies
82,Ser_81_Sci,Series,2017-08-05,2017,August,8,Jorge,Australia,Sci-Fi
83,Ser_82_Sci,Series,2018-08-20,2018,August,8,Chen,Not_Specified,Sci-Fi
84,Ser_83_Doc,Series,2019-08-15,2019,August,8,Vikram,Brazil,Documentary
85,Ser_84_Adv,Series,2018-11-08,2018,November,11,Amanda,Japan,Adventure
86,Ser_85_Sci,Series,2017-05-11,2017,May,5,Amanda,Not_Specified,Sci-Fi
87,Mov_86_Doc,Movie,2017-04-13,2017,April,4,Amanda,France,Documentary
88,Ser_87_TV ,Series,2018-06-18,2018,June,6,Alex,Canada,TV Comedy
89,Mov_88_Thr,Movie,2018-07-25,2018,July,7,Lee,Germany,Thriller
90,Ser_89_TV ,Series,2017-06-10,2017,June,6,Jorge,Brazil,TV Comedy
91,Mov_90_Sta,Movie,2019-04-16,2019,April,4,Maria,Germany,Stand-Up Comedy
92,Ser_91_Act,Series,2017-07-11,2017,July,7,Chen,Not_Specified,Action
93,Ser_92_Thr,Series,2019-09-01,2019,September,9,Fatima,United States,Thriller
94,Mov_93_Adv,Movie,2017-11-14,2017,November,11,Russell,United States,Adventure
95,Mov_94_Adv,Movie,2018-07-11,2018,July,7,Chris,United Kingdom,Adventure
96,Ser_95_Sta,Series,2018-05-25,2018,May,5,Amanda,Germany,Stand-Up Comedy
97,Mov_96_Int,Movie,2017-12-18,2017,December,12,Tony,India,International Movies
98,Mov_97_Doc,Movie,2019-01-25,2019,January,1,Suhasini,United States,Documentary
99,Mov_98_Adv,Movie,2019-03-08,2019,March,3,Montana,Australia,Adventure
100,Ser_99_Int,Series,2017-08-23,2017,August,8,Russell,Australia,International Movies
101,Mov_100_Act,Movie,2019-12-23,2019,December,12,Amanda2,India,Action
102,Ser_101_TV ,Series,2019-01-10,2019,January,1,Suhasini,India,TV Comedy
103,Mov_102_Dra,Movie,2019-12-27,2019,December,12,Amanda2,Australia,Dramas
104,Mov_103_Int,Movie,2017-10-26,2017,October,10,Jorge,France,International Movies
105,Ser_104_Com,Series,2019-06-03,2019,June,6,Maria,Germany,Comedies
106,Ser_105_Act,Series,2017-07-12,2017,July,7,Maria,Not_Specified,Action
107,Ser_106_Thr,Series,2019-09-21,2019,September,9,Jorge,Germany,Thriller
108,Ser_107_Int,Series,2018-07-27,2018,July,7,Tony,India,International Movies
109,Ser_108_Thr,Series,2018-08-08,2018,August,8,Hiro,France,Thriller
110,Ser_109_Act,Series,2018-01-16,2018,January,1,Ivan,Canada,Action
111,Ser_110_Thr,Series,2018-05-11,2018,May,5,Vikram,Brazil,Thriller
112,Mov_111_Doc,Movie,2017-09-07,2017,September,9,Maria,Germany,Documentary
113,Ser_112_Adv,Series,2019-04-23,2019,April,4,Chen,United States,Adventure
114,Ser_113_Doc,Series,2017-05-08,2017,May,5,Amanda2,Australia,Documentary
115,Ser_114_TV ,Series,2018-08-18,2018,August,8,Jorge,United Kingdom,TV Comedy
116,Ser_115_Sta,Series,2018-12-15,2018,December,12,Vikram,Canada,Stand-Up Comedy
117,Ser_116_Dra,Series,2017-12-07,2017,December,12,Jorge,Not_Specified,Dramas
118,Ser_117_Sta,Series,2017-04-24,2017,April,4,Fatima,Brazil,Stand-Up Comedy
119,Mov_118_Sta,Movie,2019-05-04,2019,May,5,Tony,United Kingdom,Stand-Up Comedy
120,Mov_119_Sta,Movie,2017-05-01,2017,May,5,Alex,United States,Stand-Up Comedy
121,Mov_120_Adv,Movie,2019-05-23,2019,May,5,Montana,United States,Adventure
122,Ser_121_Adv,Series,2019-05-16,2019,May,5,Chris,Not_Specified,Adventure
123,Ser_122_Dra,Series,2017-05-28,2017,May,5,Amanda,France,Dramas
124,Mov_123_Act,Movie,2018-02-19,2018,February,2,Naseeruddin,Australia,Action
125,Mov_124_Sci,Movie,2018-02-08,2018,February,2,Maria,Australia,Sci-Fi
126,Ser_125_Adv,Series,2019-10-08,2019,October,10,Chen,Japan,Adventure
127,Mov_126_Thr,Movie,2019-07-10,2019,July,7,Montana,Canada,Thriller
128,Mov_127_Act,Movie,2019-04-09,2019,April,4,Tony,Not_Specified,Action
129,Mov_128_TV ,Movie,2019-02-06,2019,February,2,Chen,Australia,TV Comedy
130,Mov_129_Sta,Movie,2018-05-02,2018,May,5,Amanda2,Germany,Stand-Up Comedy
131,Ser_130_Thr,Series,2017-11-08,2017,November,11,Suhasini,France,Thriller
132,Mov_131_Sta,Movie,2017-09-08,2017,September,9,Naseeruddin,India,Stand-Up Comedy
133,Ser_132_Thr,Series,2017-03-26,2017,March,3,Fatima,Japan,Thriller
134,Ser_133_TV ,Series,2018-02-15,2018,February,2,Vikram,Brazil,TV Comedy
135,Mov_134_Thr,Movie,2019-08-15,2019,August,8,Alex,France,Thriller
136,Ser_135_Com,Series,2019-06-20,2019,June,6,Amanda,Canada,Comedies
137,Mov_136_Sta,Movie,2019-10-19,2019,October,10,Fatima,United States,Stand-Up Comedy
138,Ser_137_Sta,Series,2017-08-17,2017,August,8,Russell,Australia,Stand-Up Comedy
139,Ser_138_Dra,Series,2018-11-27,2018,November,11,Ivan,United Kingdom,Dramas
140,Mov_139_Act,Movie,2018-06-11,2018,June,6,Chris,France,Action
141,Ser_140_Sci,Series,2019-08-10,2019,August,8,Alex,Germany,Sci-Fi
142,Ser_141_Dra,Series,2017-06-09,2017,June,6,Lee,Brazil,Dramas
143,Ser_142_TV ,Series,2017-11-28,2017,November,11,Alex,Canada,TV Comedy
144,Ser_143_Adv,Series,2019-06-20,2019,June,6,Alex,Canada,Adventure
145,Ser_144_Adv,Series,2018-09-05,2018,September,9,Ivan,India,Adventure
146,Mov_145_Act,Movie,2017-11-20,2017,November,11,Amanda2,Brazil,Action
147,Mov_146_Doc,Movie,2017-09-14,2017,September,9,Montana,Germany,Documentary
148,Mov_147_Adv,Movie,2017-11-27,2017,November,11,Amanda2,Brazil,Adventure
149,Ser_148_Adv,Series,2019-05-14,2019,May,5,Tony,Germany,Adventure
150,Mov_149_Thr,Movie,2019-03-13,2019,March,3,Olga,Not_Specified,Thriller
151,Ser_150_Int,Series,2017-05-25,2017,May,5,Olga,Japan,International Movies
152,Ser_151_Thr,Series,2017-05-24,2017,May,5,Fatima,Germany,Thriller
153,Ser_152_Int,Series,2017-08-18,2017,August,8,Chris,Brazil,International Movies
154,Ser_153_Doc,Series,2019-07-15,2019,July,7,Tony,Australia,Documentary
155,Ser_154_Com,Series,2018-04-28,2018,April,4,Chris,Germany,Comedies
156,Mov_155_Adv,Movie,2019-07-13,2019,July,7,Alex,Not_Specified,Adventure
157,Mov_156_Adv,Movie,2019-10-11,2019,October,10,Montana,Brazil,Adventure
158,Mov_157_TV ,Movie,2018-01-24,2018,January,1,Naseeruddin,India,TV Comedy
159,Ser_158_Dra,Series,2018-05-11,2018,May,5,Chris,Brazil,Dramas
160,Ser_159_Sci,Series,2018-06-21,2018,June,6,Alex,Australia,Sci-Fi
161,Ser_160_Doc,Series,2017-04-21,2017,April,4,Amanda,France,Documentary
162,Mov_161_Adv,Movie,2017-11-23,2017,November,11,Russell,Japan,Adventure
163,Mov_162_Sta,Movie,2017-01-11,2017,January,1,Patricia,United Kingdom,Stand-Up Comedy
164,Ser_163_Thr,Series,2018-03-08,2018,March,3,Russell,Not_Specified,Thriller
165,Ser_164_Thr,Series,2017-02-20,2017,February,2,Tony,Germany,Thriller
166,Ser_165_Sta,Series,2019-03-08,2019,March,3,Chen,Japan,Stand-Up Comedy
167,Ser_166_Sta,Series,2019-01-26,2019,January,1,Jorge,Not_Specified,Stand-Up Comedy
168,Ser_167_TV ,Series,2017-08-12,2017,August,8,Vikram,Germany,TV Comedy
169,Ser_168_Dra,Series,2018-04-13,2018,April,4,Tony,France,Dramas
170,Ser_169_Sta,Series,2019-06-19,2019,June,6,Stephen,France,Stand-Up Comedy
171,Mov_170_Thr,Movie,2018-01-19,2018,January,1,Ivan,Japan,Thriller
172,Ser_171_Doc,Series,2017-10-26,2017,October,10,Suhasini,Australia,Documentary
173,Mov_172_Dra,Movie,2018-11-25,2018,November,11,Alex,Japan,Dramas
174,Ser_173_Act,Series,2018-01-19,2018,January,1,Amanda,Japan,Action
175,Mov_174_Doc,Movie,2018-12-14,2018,December,12,Naseeruddin,Brazil,Documentary
176,Ser_175_Act,Series,2018-09-17,2018,September,9,Vikram,Germany,Action
177,Ser_176_Dra,Series,2018-12-28,2018,December,12,Chen,India,Dramas
178,Ser_177_Sci,Series,2017-04-28,2017,April,4,Patricia,India,Sci-Fi
179,Mov_178_Adv,Movie,2018-01-09,2018,January,1,Patricia,Japan,Adventure
180,Ser_179_Dra,Series,2019-07-27,2019,July,7,Tony,Germany,Dramas
181,Ser_180_Thr,Series,2017-10-18,2017,October,10,Tony,India,Thriller
182,Ser_181_TV ,Series,2019-08-23,2019,August,8,Montana,Not_Specified,TV Comedy
183,Ser_182_Dra,Series,2017-01-10,2017,January,1,Montana,Canada,Dramas
184,Ser_183_Int,Series,2019-03-13,2019,March,3,Jorge,France,International Movies
185,Mov_184_TV ,Movie,2019-12-24,2019,December,12,Montana,Germany,TV Comedy
186,Mov_185_Int,Movie,2019-07-09,2019,July,7,Suhasini,Germany,International Movies
187,Ser_186_Dra,Series,2018-04-28,2018,April,4,Patricia,Brazil,Dramas
188,Ser_187_Sta,Series,2019-06-02,2019,June,6,Suhasini,India,Stand-Up Comedy
189,Mov_188_Thr,Movie,2018-02-22,2018,February,2,Stephen,United States,Thriller
190,Mov_189_Dra,Movie,2018-04-05,2018,April,4,Jorge,Canada,Dramas
191,Mov_190_Int,Movie,2019-04-27,2019,April,4,Naseeruddin,Australia,International Movies
192,Mov_191_Act,Movie,2017-05-28,2017,May,5,Jorge,Japan,Action
193,Mov_192_Act,Movie,2017-02-22,2017,February,2,Stephen,United Kingdom,Action
194,Mov_193_Act,Movie,2017-10-11,2017,October,10,Vikram,United States,Action
195,Mov_194_Dra,Movie,2017-12-14,2017,December,12,Ivan,Germany,Dramas
196,Mov_195_Adv,Movie,2018-09-19,2018,September,9,Olga,Canada,Adventure
197,Ser_196_Adv,Series,2019-01-24,2019,January,1,Stephen,United States,Adventure
198,Mov_197_Adv,Movie,2018-07-14,2018,July,7,Chen,India,Adventure
199,Mov_198_Dra,Movie,2017-06-20,2017,June,6,Naseeruddin,Japan,Dramas
200,Ser_199_TV ,Series,2019-11-19,2019,November,11,Hiro,Brazil,TV Comedy
201,Ser_200_Dra,Series,2018-08-17,2018,August,8,Montana,Brazil,Dramas
202,Ser_201_Doc,Series,2019-04-14,2019,April,4,Maria,United Kingdom,Documentary
203,Mov_202_Int,Movie,2018-07-14,2018,July,7,Maria,United Kingdom,International Movies
204,Mov_203_Adv,Movie,2019-05-12,2019,May,5,Amanda,India,Adventure
205,Mov_204_Int,Movie,2017-02-14,2017,February,2,Naseeruddin,Brazil,International Movies
206,Ser_205_Dra,Series,2017-10-18,2017,October,10,Maria,United Kingdom,Dramas
207,Mov_206_Sta,Movie,2019-07-28,2019,July,7,Hiro,Japan,Stand-Up Comedy
208,Mov_207_Act,Movie,2018-02-19,2018,February,2,Ivan,Canada,Action
209,Ser_208_Dra,Series,2017-06-28,2017,June,6,Vikram,Australia,Dramas
210,Mov_209_Thr,Movie,2017-07-28,2017,July,7,Vikram,United States,Thriller
211,Ser_210_Int,Series,2017-05-23,2017,May,5,Patricia,United States,International Movies
212,Ser_211_Dra,Series,2017-03-19,2017,March,3,Naseeruddin,United States,Dramas
213,Mov_212_TV ,Movie,2017-12-17,2017,December,12,Maria,Germany,TV Comedy
214,Ser_213_Int,Series,2018-03-12,2018,March,3,Fatima,Australia,International Movies
215,Mov_214_Thr,Movie,2017-01-05,2017,January,1,Alex,India,Thriller
216,Ser_215_Adv,Series,2018-08-22,2018,August,8,Hiro,Germany,Adventure
217,Mov_216_Int,Movie,2018-05-07,2018,May,5,Maria,India,International Movies
218,Ser_217_Sci,Series,2018-11-22,2018,November,11,Amanda2,United States,Sci-Fi
219,Mov_218_Com,Movie,2017-07-20,2017,July,7,Suhasini,Japan,Comedies
220,Ser_219_Sta,Series,2017-03-25,2017,March,3,Chris,India,Stand-Up Comedy
221,Ser_220_Act,Series,2017-08-24,2017,August,8,Naseeruddin,France,Action
222,Ser_221_Dra,Series,2019-12-08,2019,December,12,Lee,United States,Dramas
223,Mov_222_Int,Movie,2018-01-15,2018,January,1,Fatima,France,International Movies
224,Ser_223_Sta,Series,2019-07-23,2019,July,7,Montana,France,Stand-Up Comedy
225,Ser_224_Int,Series,2017-06-06,2017,June,6,Amanda,France,International Movies
226,Ser_225_Sci,Series,2017-04-14,2017,April,4,Amanda,France,Sci-Fi
227,Mov_226_Int,Movie,2018-12-11,2018,December,12,Russell,India,International Movies
228,Mov_227_Int,Movie,2019-11-04,2019,November,11,Patricia,Not_Specified,International Movies
229,Ser_228_Doc,Series,2017-02-05,2017,February,2,Russell,Australia,Documentary
230,Mov_229_Adv,Movie,2017-11-03,2017,November,11,Chen,Australia,Adventure
231,Ser_230_Int,Series,2019-08-22,2019,August,8,Naseeruddin,Germany,International Movies
232,Ser_231_Sta,Series,2017-08-15,2017,August,8,Fatima,United States,Stand-Up Comedy
233,Ser_232_Adv,Series,2018-09-03,2018,September,9,Chen,United States,Adventure
234,Ser_233_Dra,Series,2017-06-27,2017,June,6,Amanda,Australia,Dramas
235,Ser_234_Thr,Series,2019-09-13,2019,September,9,Jorge,United States,Thriller
236,Mov_235_Int,Movie,2018-10-21,2018,October,10,Hiro,Germany,International Movies
237,Ser_236_Dra,Series,2019-03-02,2019,March,3,Chris,India,Dramas
238,Mov_237_Doc,Movie,2019-11-06,2019,November,11,Chen,Germany,Documentary
239,Mov_238_Int,Movie,2019-09-20,2019,September,9,Patricia,Japan,International Movies
240,Ser_239_Thr,Series,2018-07-25,2018,July,7,Alex,United Kingdom,Thriller
241,Ser_240_Sta,Series,2017-06-04,2017,June,6,Vikram,Australia,Stand-Up Comedy
242,Mov_241_Int,Movie,2017-06-03,2017,June,6,Amanda2,France,International Movies
243,Mov_242_Sta,Movie,2017-10-23,2017,October,10,Jorge,France,Stand-Up Comedy
244,Mov_243_Sci,Movie,2019-06-27,2019,June,6,Amanda,France,Sci-Fi
245,Ser_244_Sta,Series,2019-06-01,2019,June,6,Russell,Canada,Stand-Up Comedy
246,Mov_245_Act,Movie,2018-08-07,2018,August,8,Naseeruddin,India,Action
247,Mov_246_Int,Movie,2018-02-17,2018,February,2,Hiro,Not_Specified,International Movies
248,Mov_247_Act,Movie,2019-07-05,2019,July,7,Hiro,Not_Specified,Action
249,Ser_248_Int,Series,2019-08-02,2019,August,8,Tony,Germany,International Movies
250,Ser_249_Doc,Series,2019-05-25,2019,May,5,Jorge,Canada,Documentary
251,Mov_250_Int,Movie,2018-08-27,2018,August,8,Fatima,Germany,International Movies
252,Ser_251_Sci,Series,2018-05-25,2018,May,5,Olga,France,Sci-Fi
253,Mov_252_Sta,Movie,2017-04-26,2017,April,4,Alex,Germany,Stand-Up Comedy
254,Mov_253_Sta,Movie,2018-09-04,2018,September,9,Amanda,Not_Specified,Stand-Up Comedy
255,Mov_254_TV ,Movie,2018-08-17,2018,August,8,Amanda,Canada,TV Comedy
256,Ser_255_Com,Series,2018-06-01,2018,June,6,Lee,Brazil,Comedies
257,Mov_256_Int,Movie,2018-04-13,2018,April,4,Tony,United States,International Movies
258,Ser_257_Act,Series,2018-02-27,2018,February,2,Naseeruddin,United States,Action
259,Mov_258_Adv,Movie,2018-08-23,2018,August,8,Chen,Australia,Adventure
260,Ser_259_Doc,Series,2017-02-01,2017,February,2,Naseeruddin,Brazil,Documentary
261,Ser_260_Dra,Series,2019-10-17,2019,October,10,Amanda2,Canada,Dramas
262,Mov_261_TV ,Movie,2018-02-02,2018,February,2,Hiro,Germany,TV Comedy
263,Ser_262_Thr,Series,2017-02-27,2017,February,2,Jorge,United States,Thriller
264,Mov_263_Act,Movie,2019-09-19,2019,September,9,Amanda2,France,Action
265,Mov_264_Thr,Movie,2017-10-12,2017,October,10,Maria,Not_Specified,Thriller
266,Ser_265_Dra,Series,2019-11-03,2019,November,11,Olga,Brazil,Dramas
267,Mov_266_TV ,Movie,2019-09-18,2019,September,9,Ivan,United States,TV Comedy
268,Ser_267_Com,Series,2019-07-12,2019,July,7,Patricia,India,Comedies
269,Mov_268_Thr,Movie,2018-04-24,2018,April,4,Chris,Not_Specified,Thriller
270,Ser_269_Act,Series,2017-06-18,2017,June,6,Chen,Germany,Action
271,Mov_270_Dra,Movie,2019-03-26,2019,March,3,Chen,United States,Dramas
272,Mov_271_Com,Movie,2018-04-02,2018,April,4,Chris,Japan,Comedies
273,Ser_272_Sta,Series,2019-07-27,2019,July,7,Alex,Canada,Stand-Up Comedy
274,Mov_273_Int,Movie,2018-06-28,2018,June,6,Vikram,India,International Movies
275,Ser_274_TV ,Series,2018-07-13,2018,July,7,Chris,Not_Specified,TV Comedy
276,Ser_275_Sci,Series,2018-12-16,2018,December,12,Vikram,India,Sci-Fi
277,Ser_276_Thr,Series,2019-07-03,2019,July,7,Russell,Brazil,Thriller
278,Mov_277_Int,Movie,2018-06-04,2018,June,6,Amanda2,Japan,International Movies
279,Ser_278_Act,Series,2018-10-23,2018,October,10,Chen,United Kingdom,Action
280,Ser_279_Thr,Series,2018-01-24,2018,January,1,Maria,Japan,Thriller
281,Ser_280_Int,Series,2019-01-03,2019,January,1,Olga,Not_Specified,International Movies
282,Ser_281_Com,Series,2017-03-28,2017,March,3,Naseeruddin,India,Comedies
283,Ser_282_TV ,Series,2017-11-12,2017,November,11,Fatima,United States,TV Comedy
284,Ser_283_Int,Series,2019-03-22,2019,March,3,Patricia,Germany,International Movies
285,Ser_284_TV ,Series,2017-10-05,2017,October,10,Chris,Japan,TV Comedy
286,Mov_285_Adv,Movie,2017-02-01,2017,February,2,Olga,France,Adventure
287,Ser_286_Adv,Series,2019-02-09,2019,February,2,Suhasini,Australia,Adventure
288,Mov_287_Dra,Movie,2018-12-16,2018,December,12,Naseeruddin,India,Dramas
289,Ser_288_Dra,Series,2018-03-23,2018,March,3,Chris,United Kingdom,Dramas
290,Ser_289_Sta,Series,2019-02-18,2019,February,2,Russell,Not_Specified,Stand-Up Comedy
291,Mov_290_Doc,Movie,2018-09-08,2018,September,9,Naseeruddin,Canada,Documentary
292,Ser_291_Adv,Series,2018-01-12,2018,January,1,Jorge,Not_Specified,Adventure
293,Ser_292_TV ,Series,2019-02-03,2019,February,2,Ivan,Brazil,TV Comedy
294,Mov_293_Act,Movie,2018-07-27,2018,July,7,Chris,India,Action
295,Ser_294_Act,Series,2018-08-22,2018,August,8,Jorge,Australia,Action
296,Mov_295_Dra,Movie,2017-03-14,2017,March,3,Olga,Not_Specified,Dramas
297,Ser_296_Doc,Series,2018-03-06,2018,March,3,Patricia,Brazil,Documentary
298,Mov_297_Sci,Movie,2018-02-09,2018,February,2,Vikram,Not_Specified,Sci-Fi
299,Mov_298_Sci,Movie,2019-05-20,2019,May,5,Russell,Australia,Sci-Fi
300,Ser_299_Thr,Series,2019-03-06,2019,March,3,Alex,United States,Thriller
301,Ser_300_Doc,Series,2017-01-21,2017,January,1,Fatima,France,Documentary
302,Ser_301_Sci,Series,2019-11-01,2019,November,11,Amanda2,Japan,Sci-Fi
303,Ser_302_Sta,Series,2018-04-26,2018,April,4,Chen,India,Stand-Up Comedy
304,Ser_303_TV ,Series,2019-01-06,2019,January,1,Ivan,Germany,TV Comedy
305,Mov_304_Int,Movie,2017-06-20,2017,June,6,Chris,United Kingdom,International Movies
306,Ser_305_Sci,Series,2018-03-25,2018,March,3,Jorge,India,Sci-Fi
307,Mov_306_Sta,Movie,2018-04-15,2018,April,4,Chen,Canada,Stand-Up Comedy
308,Ser_307_TV ,Series,2017-02-02,2017,February,2,Hiro,France,TV Comedy
309,Ser_308_Thr,Series,2017-03-27,2017,March,3,Chris,Canada,Thriller
310,Ser_309_Adv,Series,2017-08-17,2017,August,8,Amanda2,Germany,Adventure
311,Ser_310_Doc,Series,2017-02-13,2017,February,2,Suhasini,Australia,Documentary
312,Ser_311_Adv,Series,2018-01-02,2018,January,1,Hiro,Germany,Adventure
313,Mov_312_TV ,Movie,2018-09-01,2018,September,9,Naseeruddin,Japan,TV Comedy
314,Ser_313_Int,Series,2019-06-25,2019,June,6,Alex,France,International Movies
315,Mov_314_Int,Movie,2017-10-18,2017,October,10,Jorge,Japan,International Movies
316,Ser_315_Sci,Series,2017-07-17,2017,July,7,Vikram,Australia,Sci-Fi
317,Mov_316_Dra,Movie,2019-10-04,2019,October,10,Lee,United Kingdom,Dramas
318,Mov_317_Doc,Movie,2018-09-12,2018,September,9,Hiro,Brazil,Documentary
319,Mov_318_Com,Movie,2018-09-02,2018,September,9,Naseeruddin,United Kingdom,Comedies
320,Mov_319_Thr,Movie,2018-09-15,2018,September,9,Olga,Not_Specified,Thriller
321,Mov_320_TV ,Movie,2018-10-11,2018,October,10,Hiro,Japan,TV Comedy
322,Ser_321_Thr,Series,2019-06-17,2019,June,6,Amanda2,Germany,Thriller
323,Mov_322_TV ,Movie,2017-06-11,2017,June,6,Fatima,Japan,TV Comedy
324,Mov_323_Thr,Movie,2019-12-21,2019,December,12,Ivan,Japan,Thriller
325,Mov_324_Com,Movie,2019-10-19,2019,October,10,Fatima,Germany,Comedies
326,Ser_325_Act,Series,2017-09-21,2017,September,9,Tony,United States,Action
327,Mov_326_Com,Movie,2019-12-04,2019,December,12,Chen,United Kingdom,Comedies
328,Mov_327_TV ,Movie,2018-03-14,2018,March,3,Olga,Australia,TV Comedy
329,Mov_328_Act,Movie,2018-12-24,2018,December,12,Olga,Canada,Action
330,Ser_329_Sci,Series,2019-06-22,2019,June,6,Lee,United Kingdom,Sci-Fi
331,Ser_330_Sci,Series,2017-08-18,2017,August,8,Patricia,Japan,Sci-Fi
332,Mov_331_Sta,Movie,2019-08-07,2019,August,8,Jorge,Japan,Stand-Up Comedy
333,Ser_332_Doc,Series,2017-05-25,2017,May,5,Ivan,United Kingdom,Documentary
334,Ser_333_Sta,Series,2018-06-18,2018,June,6,Montana,Australia,Stand-Up Comedy
335,Ser_334_Int,Series,2019-09-13,2019,September,9,Naseeruddin,Japan,International Movies
336,Mov_335_Int,Movie,2017-05-23,2017,May,5,Chen,Japan,International Movies
337,Mov_336_Sci,Movie,2019-08-07,2019,August,8,Vikram,Brazil,Sci-Fi
338,Mov_337_Thr,Movie,2019-05-05,2019,May,5,Fatima,Canada,Thriller
339,Mov_338_Doc,Movie,2017-01-22,2017,January,1,Alex,India,Documentary
340,Ser_339_Dra,Series,2018-06-23,2018,June,6,Naseeruddin,United States,Dramas
341,Ser_340_Adv,Series,2019-03-14,2019,March,3,Suhasini,Japan,Adventure
342,Mov_341_Dra,Movie,2018-05-21,2018,May,5,Fatima,Canada,Dramas
343,Mov_342_Act,Movie,2019-12-24,2019,December,12,Maria,Not_Specified,Action
344,Ser_343_Act,Series,2017-07-26,2017,July,7,Amanda2,United States,Action
345,Mov_344_Int,Movie,2017-05-19,2017,May,5,Amanda2,Germany,International Movies
346,Ser_345_Act,Series,2019-09-17,2019,September,9,Olga,Germany,Action
347,Mov_346_Int,Movie,2018-04-26,2018,April,4,Russell,Germany,International Movies
348,Mov_347_Com,Movie,2019-05-23,2019,May,5,Chris,Japan,Comedies
349,Mov_348_Act,Movie,2019-11-25,2019,November,11,Hiro,France,Action
350,Mov_349_TV ,Movie,2018-09-11,2018,September,9,Montana,Not_Specified,TV Comedy
351,Mov_350_Com,Movie,2017-08-11,2017,August,8,Vikram,France,Comedies
352,Ser_351_Int,Series,2017-08-25,2017,August,8,Amanda2,Australia,International Movies
353,Ser_352_Int,Series,2019-10-01,2019,October,10,Tony,United States,International Movies
354,Ser_353_Act,Series,2019-02-15,2019,February,2,Lee,Brazil,Action
355,Mov_354_Sta,Movie,2019-05-23,2019,May,5,Patricia,Australia,Stand-Up Comedy
356,Ser_355_Act,Series,2017-04-05,2017,April,4,Chen,Australia,Action
357,Ser_356_Sci,Series,2018-07-23,2018,July,7,Suhasini,Canada,Sci-Fi
358,Mov_357_Sci,Movie,2019-10-28,2019,October,10,Chen,Brazil,Sci-Fi
359,Mov_358_Com,Movie,2019-06-03,2019,June,6,Jorge,Brazil,Comedies
360,Mov_359_Act,Movie,2017-10-18,2017,October,10,Chris,Brazil,Action
361,Mov_360_Thr,Movie,2018-02-22,2018,February,2,Ivan,India,Thriller
362,Mov_361_Adv,Movie,2019-08-26,2019,August,8,Naseeruddin,Brazil,Adventure
363,Mov_362_Sci,Movie,2018-08-19,2018,August,8,Chen,Japan,Sci-Fi
364,Ser_363_Com,Series,2019-01-13,2019,January,1,Suhasini,Australia,Comedies
365,Ser_364_Dra,Series,2017-01-14,2017,January,1,Jorge,United States,Dramas
366,Ser_365_TV ,Series,2017-08-02,2017,August,8,Russell,Not_Specified,TV Comedy
367,Ser_366_Int,Series,2019-12-21,2019,December,12,Lee,Germany,International Movies
368,Mov_367_Int,Movie,2018-07-03,2018,July,7,Montana,Not_Specified,International Movies
369,Mov_368_Doc,Movie,2019-07-17,2019,July,7,Stephen,United States,Documentary
370,Ser_369_Sci,Series,2018-08-22,2018,August,8,Lee,Canada,Sci-Fi
371,Mov_370_Sta,Movie,2017-08-12,2017,August,8,Suhasini,India,Stand-Up Comedy
372,Mov_371_Doc,Movie,2017-11-14,2017,November,11,Suhasini,India,Documentary
373,Ser_372_Thr,Series,2017-10-02,2017,October,10,Alex,Canada,Thriller
374,Ser_373_Doc,Series,2019-01-13,2019,January,1,Jorge,Canada,Documentary
375,Ser_374_Doc,Series,2017-03-17,2017,March,3,Fatima,United Kingdom,Documentary
376,Ser_375_Doc,Series,2019-10-25,2019,October,10,Amanda2,Not_Specified,Documentary
377,Ser_376_Sta,Series,2019-09-08,2019,September,9,Vikram,United States,Stand-Up Comedy
378,Mov_377_TV ,Movie,2019-10-24,2019,October,10,Jorge,Germany,TV Comedy
379,Ser_378_Sci,Series,2017-06-21,2017,June,6,Chris,France,Sci-Fi
380,Ser_379_Act,Series,2018-03-10,2018,March,3,Jorge,Germany,Action
381,Mov_380_Adv,Movie,2017-04-10,2017,April,4,Alex,Brazil,Adventure
382,Mov_381_TV ,Movie,2018-07-18,2018,July,7,Tony,Japan,TV Comedy
383,Mov_382_Adv,Movie,2017-06-21,2017,June,6,Patricia,India,Adventure
384,Mov_383_Com,Movie,2019-12-27,2019,December,12,Vikram,France,Comedies
385,Mov_384_Dra,Movie,2019-10-20,2019,October,10,Suhasini,Australia,Dramas
386,Mov_385_Adv,Movie,2019-11-18,2019,November,11,Suhasini,United Kingdom,Adventure
387,Mov_386_Dra,Movie,2018-01-07,2018,January,1,Ivan,Canada,Dramas
388,Mov_387_TV ,Movie,2019-10-23,2019,October,10,Tony,Brazil,TV Comedy
389,Ser_388_Sci,Series,2018-05-13,2018,May,5,Patricia,Japan,Sci-Fi
390,Ser_389_Adv,Series,2018-06-17,2018,June,6,Montana,Germany,Adventure
391,Ser_390_TV ,Series,2018-04-12,2018,April,4,Alex,Australia,TV Comedy
392,Mov_391_Sta,Movie,2017-12-05,2017,December,12,Jorge,Australia,Stand-Up Comedy
393,Ser_392_Act,Series,2019-12-14,2019,December,12,Suhasini,United Kingdom,Action
394,Mov_393_Adv,Movie,2017-07-19,2017,July,7,Jorge,United Kingdom,Adventure
395,Ser_394_Adv,Series,2018-08-24,2018,August,8,Russell,United Kingdom,Adventure
396,Ser_395_Act,Series,2017-03-24,2017,March,3,Jorge,United States,Action
397,Mov_396_Com,Movie,2019-01-27,2019,January,1,Stephen,France,Comedies
398,Mov_397_Act,Movie,2017-11-08,2017,November,11,Stephen,Canada,Action
399,Mov_398_Thr,Movie,2019-08-12,2019,August,8,Hiro,Germany,Thriller
400,Mov_399_Sci,Movie,2019-08-01,2019,August,8,Jorge,France,Sci-Fi
401,Ser_400_Sci,Series,2017-01-17,2017,January,1,Amanda2,United States,Sci-Fi
402,Ser_401_Act,Series,2019-12-22,2019,December,12,Montana,India,Action
403,Mov_402_Thr,Movie,2019-03-08,2019,March,3,Olga,Japan,Thriller
404,Ser_403_Dra,Series,2018-05-26,2018,May,5,Patricia,France,Dramas
405,Mov_404_Sta,Movie,2018-10-08,2018,October,10,Amanda,United States,Stand-Up Comedy
406,Ser_405_Sci,Series,2017-07-13,2017,July,7,Ivan,United States,Sci-Fi
407,Mov_406_Dra,Movie,2019-01-23,2019,January,1,Ivan,France,Dramas
408,Mov_407_Sci,Movie,2019-06-19,2019,June,6,Alex,Canada,Sci-Fi
409,Ser_408_Sta,Series,2017-12-19,2017,December,12,Alex,India,Stand-Up Comedy
410,Mov_409_Act,Movie,2019-05-18,2019,May,5,Chris,United States,Action
411,Ser_410_Dra,Series,2017-10-05,2017,October,10,Amanda2,Not_Specified,Dramas
412,Ser_411_Sci,Series,2019-04-19,2019,April,4,Chris,France,Sci-Fi
413,Mov_412_Sci,Movie,2019-03-26,2019,March,3,Patricia,United States,Sci-Fi
414,Mov_413_Int,Movie,2017-07-08,2017,July,7,Hiro,Australia,International Movies
415,Ser_414_Com,Series,2019-07-25,2019,July,7,Vikram,Germany,Comedies
416,Ser_415_TV ,Series,2018-04-12,2018,April,4,Russell,Australia,TV Comedy
417,Ser_416_Doc,Series,2019-07-03,2019,July,7,Amanda,India,Documentary
418,Mov_417_TV ,Movie,2018-03-13,2018,March,3,Chris,United Kingdom,TV Comedy
419,Ser_418_Adv,Series,2017-02-01,2017,February,2,Patricia,Japan,Adventure
420,Mov_419_TV ,Movie,2017-03-03,2017,March,3,Chen,Brazil,TV Comedy
421,Mov_420_Com,Movie,2019-09-14,2019,September,9,Amanda,United Kingdom,Comedies
422,Ser_421_TV ,Series,2019-02-20,2019,February,2,Stephen,Japan,TV Comedy
423,Mov_422_Sci,Movie,2018-07-25,2018,July,7,Tony,Australia,Sci-Fi
424,Ser_423_Act,Series,2019-03-22,2019,March,3,Naseeruddin,Japan,Action
425,Mov_424_Dra,Movie,2018-05-16,2018,May,5,Russell,France,Dramas
426,Ser_425_Dra,Series,2018-07-10,2018,July,7,Patricia,Japan,Dramas
427,Ser_426_Thr,Series,2017-12-21,2017,December,12,Hiro,Canada,Thriller
428,Ser_427_Com,Series,2018-02-05,2018,February,2,Lee,United Kingdom,Comedies
429,Ser_428_Adv,Series,2019-07-26,2019,July,7,Chris,France,Adventure
430,Ser_429_Int,Series,2019-10-05,2019,October,10,Hiro,Canada,International Movies
431,Ser_430_Int,Series,2018-06-06,2018,June,6,Amanda2,Germany,International Movies
432,Ser_431_Sta,Series,2019-04-11,2019,April,4,Lee,United Kingdom,Stand-Up Comedy
433,Mov_432_Sci,Movie,2017-10-07,2017,October,10,Stephen,Germany,Sci-Fi
434,Ser_433_Dra,Series,2019-04-15,2019,April,4,Maria,Germany,Dramas
435,Mov_434_Sta,Movie,2017-11-10,2017,November,11,Naseeruddin,France,Stand-Up Comedy
436,Ser_435_Thr,Series,2018-02-15,2018,February,2,Lee,Brazil,Thriller
437,Mov_436_Int,Movie,2019-12-14,2019,December,12,Jorge,Australia,International Movies
438,Mov_437_Int,Movie,2019-02-04,2019,February,2,Russell,Australia,International Movies
439,Ser_438_Int,Series,2017-10-21,2017,October,10,Maria,India,International Movies
440,Mov_439_Sci,Movie,2017-02-09,2017,February,2,Olga,Brazil,Sci-Fi
441,Mov_440_Adv,Movie,2019-12-19,2019,December,12,Patricia,France,Adventure
442,Mov_441_Int,Movie,2018-11-19,2018,November,11,Stephen,Germany,International Movies
443,Mov_442_Dra,Movie,2017-05-14,2017,May,5,Naseeruddin,United Kingdom,Dramas
444,Mov_443_Sci,Movie,2018-06-15,2018,June,6,Ivan,United Kingdom,Sci-Fi
445,Ser_444_Int,Series,2018-02-15,2018,February,2,Amanda,Japan,International Movies
446,Mov_445_Int,Movie,2017-12-04,2017,December,12,Montana,Not_Specified,International Movies
447,Mov_446_Sci,Movie,2019-04-17,2019,April,4,Russell,United Kingdom,Sci-Fi
448,Mov_447_TV ,Movie,2019-07-15,2019,July,7,Russell,Not_Specified,TV Comedy
449,Ser_448_Com,Series,2019-11-14,2019,November,11,Hiro,Canada,Comedies
450,Ser_449_Com,Series,2018-10-14,2018,October,10,Suhasini,Canada,Comedies
451,Mov_450_Thr,Movie,2018-12-26,2018,December,12,Montana,Brazil,Thriller
452,Mov_451_Adv,Movie,2017-06-11,2017,June,6,Montana,Japan,Adventure
453,Ser_452_Thr,Series,2019-08-17,2019,August,8,Lee,Australia,Thriller
454,Ser_453_Int,Series,2018-10-04,2018,October,10,Chen,Australia,International Movies
455,Ser_454_Thr,Series,2017-11-23,2017,November,11,Fatima,India,Thriller
456,Mov_455_Doc,Movie,2019-03-11,2019,March,3,Amanda2,India,Documentary
457,Mov_456_Sci,Movie,2017-06-23,2017,June,6,Lee,France,Sci-Fi
458,Ser_457_TV ,Series,2019-03-19,2019,March,3,Russell,Germany,TV Comedy
459,Mov_458_Sci,Movie,2019-09-23,2019,September,9,Russell,Germany,Sci-Fi
460,Ser_459_Adv,Series,2018-03-06,2018,March,3,Hiro,United States,Adventure
461,Mov_460_Doc,Movie,2018-01-16,2018,January,1,Lee,Brazil,Documentary
462,Ser_461_Adv,Series,2019-11-16,2019,November,11,Maria,Germany,Adventure
463,Mov_462_Doc,Movie,2018-03-03,2018,March,3,Amanda2,United States,Documentary
464,Ser_463_Act,Series,2018-04-18,2018,April,4,Chen,Australia,Action
465,Mov_464_Thr,Movie,2019-08-18,2019,August,8,Montana,Japan,Thriller
466,Mov_465_Adv,Movie,2019-06-18,2019,June,6,Jorge,Canada,Adventure
467,Mov_466_Sta,Movie,2018-02-24,2018,February,2,Alex,Germany,Stand-Up Comedy
468,Mov_467_Adv,Movie,2018-06-28,2018,June,6,Montana,Canada,Adventure
469,Ser_468_Thr,Series,2017-12-19,2017,December,12,Maria,Not_Specified,Thriller
470,Mov_469_Doc,Movie,2019-03-26,2019,March,3,Alex,Australia,Documentary
471,Mov_470_Int,Movie,2018-09-09,2018,September,9,Amanda2,Japan,International Movies
472,Mov_471_Act,Movie,2019-05-28,2019,May,5,Maria,United States,Action
473,Mov_472_Doc,Movie,2018-11-05,2018,November,11,Naseeruddin,United Kingdom,Documentary
474,Ser_473_Act,Series,2017-11-13,2017,November,11,Fatima,Japan,Action
475,Ser_474_Dra,Series,2019-07-13,2019,July,7,Amanda,France,Dramas
476,Ser_475_Adv,Series,2019-12-09,2019,December,12,Ivan,United Kingdom,Adventure
477,Mov_476_Adv,Movie,2019-01-28,2019,January,1,Patricia,India,Adventure
478,Ser_477_Doc,Series,2019-07-07,2019,July,7,Ivan,Japan,Documentary
479,Mov_478_Thr,Movie,2018-05-11,2018,May,5,Ivan,United Kingdom,Thriller
480,Mov_479_Adv,Movie,2019-01-02,2019,January,1,Stephen,India,Adventure
481,Mov_480_TV ,Movie,2017-08-15,2017,August,8,Suhasini,Not_Specified,TV Comedy
482,Ser_481_Dra,Series,2019-05-06,2019,May,5,Patricia,Japan,Dramas
483,Mov_482_Com,Movie,2017-06-22,2017,June,6,Lee,Japan,Comedies
484,Mov_483_TV ,Movie,2019-12-25,2019,December,12,Amanda,India,TV Comedy
485,Mov_484_Act,Movie,2017-04-16,2017,April,4,Fatima,Canada,Action
486,Mov_485_Com,Movie,2019-11-15,2019,November,11,Chris,India,Comedies
487,Ser_486_Dra,Series,2018-12-05,2018,December,12,Tony,France,Dramas
488,Mov_487_Dra,Movie,2017-12-26,2017,December,12,Chris,United Kingdom,Dramas
489,Mov_488_Act,Movie,2018-03-13,2018,March,3,Amanda,Brazil,Action
490,Mov_489_Adv,Movie,2019-01-20,2019,January,1,Patricia,Canada,Adventure
491,Ser_490_Thr,Series,2019-12-05,2019,December,12,Chen,Canada,Thriller
492,Mov_491_Thr,Movie,2017-02-05,2017,February,2,Lee,United Kingdom,Thriller
493,Mov_492_Doc,Movie,2018-06-26,2018,June,6,Vikram,India,Documentary
494,Ser_493_Com,Series,2017-09-20,2017,September,9,Amanda2,Canada,Comedies
495,Mov_494_TV ,Movie,2019-10-17,2019,October,10,Amanda2,United States,TV Comedy
496,Mov_495_Doc,Movie,2017-08-13,2017,August,8,Ivan,Australia,Documentary
497,Ser_496_Int,Series,2017-09-01,2017,September,9,Naseeruddin,France,International Movies
498,Mov_497_Adv,Movie,2019-07-12,2019,July,7,Amanda,United States,Adventure
499,Ser_498_Doc,Series,2019-02-01,2019,February,2,Alex,United States,Documentary
500,Ser_499_TV ,Series,2018-09-10,2018,September,9,Lee,India,TV Comedy
501,Mov_500_Sta,Movie,2019-09-18,2019,September,9,Amanda,Japan,Stand-Up Comedy
502,Mov_501_Sci,Movie,2017-09-07,2017,September,9,Chris,France,Sci-Fi
503,Mov_502_Sta,Movie,2019-11-25,2019,November,11,Maria,Canada,Stand-Up Comedy
504,Ser_503_Dra,Series,2017-04-03,2017,April,4,Chen,Australia,Dramas
505,Mov_504_Dra,Movie,2019-01-10,2019,January,1,Stephen,Not_Specified,Dramas
506,Ser_505_Int,Series,2019-01-06,2019,January,1,Olga,Brazil,International Movies
507,Ser_506_Act,Series,2019-05-06,2019,May,5,Vikram,India,Action
508,Ser_507_Sta,Series,2017-06-26,2017,June,6,Olga,India,Stand-Up Comedy
509,Mov_508_Adv,Movie,2018-12-19,2018,December,12,Chen,Brazil,Adventure
510,Mov_509_Int,Movie,2018-01-16,2018,January,1,Russell,Japan,International Movies
511,Mov_510_Doc,Movie,2017-10-22,2017,October,10,Olga,United States,Documentary
512,Mov_511_Adv,Movie,2017-01-08,2017,January,1,Patricia,France,Adventure
513,Mov_512_Sci,Movie,2017-03-28,2017,March,3,Maria,Canada,Sci-Fi
514,Ser_513_Sta,Series,2018-04-14,2018,April,4,Amanda,Australia,Stand-Up Comedy
515,Mov_514_Act,Movie,2018-02-17,2018,February,2,Tony,Brazil,Action
516,Ser_515_Sta,Series,2017-07-03,2017,July,7,Amanda2,United Kingdom,Stand-Up Comedy
517,Mov_516_Int,Movie,2017-09-15,2017,September,9,Suhasini,Japan,International Movies
518,Mov_517_Adv,Movie,2019-05-24,2019,May,5,Patricia,Australia,Adventure
519,Mov_518_Act,Movie,2018-04-24,2018,April,4,Stephen,France,Action
520,Ser_519_Com,Series,2017-04-18,2017,April,4,Chris,United States,Comedies
521,Ser_520_Dra,Series,2019-07-28,2019,July,7,Suhasini,Brazil,Dramas
522,Mov_521_Act,Movie,2017-07-16,2017,July,7,Vikram,India,Action
523,Ser_522_Int,Series,2017-04-28,2017,April,4,Chen,India,International Movies
524,Mov_523_TV ,Movie,2019-02-17,2019,February,2,Amanda,Australia,TV Comedy
525,Mov_524_Doc,Movie,2019-01-14,2019,January,1,Amanda2,Japan,Documentary
526,Ser_525_Int,Series,2018-07-23,2018,July,7,Chen,Japan,International Movies
527,Mov_526_Thr,Movie,2017-02-07,2017,February,2,Montana,Not_Specified,Thriller
528,Ser_527_Int,Series,2017-03-15,2017,March,3,Maria,India,International Movies
529,Mov_528_Adv,Movie,2019-06-25,2019,June,6,Amanda2,Germany,Adventure
530,Mov_529_Sta,Movie,2018-02-03,2018,February,2,Hiro,United States,Stand-Up Comedy
531,Mov_530_Doc,Movie,2017-06-05,2017,June,6,Patricia,France,Documentary
532,Ser_531_Sta,Series,2019-01-22,2019,January,1,Russell,United States,Stand-Up Comedy
533,Mov_532_Dra,Movie,2018-08-18,2018,August,8,Chen,India,Dramas
534,Mov_533_Doc,Movie,2017-02-01,2017,February,2,Naseeruddin,Canada,Documentary
535,Mov_534_Thr,Movie,2018-06-22,2018,June,6,Fatima,Japan,Thriller
536,Mov_535_Adv,Movie,2017-01-03,2017,January,1,Naseeruddin,India,Adventure
537,Ser_536_Com,Series,2018-02-02,2018,February,2,Russell,Australia,Comedies
538,Ser_537_Com,Series,2018-12-13,2018,December,12,Lee,France,Comedies
539,Mov_538_Sta,Movie,2017-06-07,2017,June,6,Vikram,Germany,Stand-Up Comedy
540,Mov_539_Sta,Movie,2017-01-20,2017,January,1,Ivan,France,Stand-Up Comedy
541,Mov_540_Sta,Movie,2019-08-02,2019,August,8,Lee,Not_Specified,Stand-Up Comedy
542,Mov_541_Sci,Movie,2018-04-21,2018,April,4,Stephen,France,Sci-Fi
543,Ser_542_Int,Series,2019-06-16,2019,June,6,Fatima,Brazil,International Movies
544,Mov_543_Com,Movie,2018-07-09,2018,July,7,Chris,Australia,Comedies
545,Ser_544_Com,Series,2017-01-26,2017,January,1,Ivan,Brazil,Comedies
546,Mov_545_Dra,Movie,2018-10-08,2018,October,10,Tony,Canada,Dramas
547,Mov_546_Doc,Movie,2018-09-27,2018,September,9,Fatima,France,Documentary
548,Mov_547_Thr,Movie,2018-03-06,2018,March,3,Chris,United Kingdom,Thriller
549,Ser_548_Thr,Series,2019-01-23,2019,January,1,Fatima,Not_Specified,Thriller
550,Ser_549_Sci,Series,2019-04-27,2019,April,4,Amanda2,Not_Specified,Sci-Fi
551,Mov_550_Doc,Movie,2018-01-03,2018,January,1,Hiro,Canada,Documentary
552,Mov_551_Int,Movie,2017-09-16,2017,September,9,Hiro,Canada,International Movies
553,Mov_552_Int,Movie,2017-06-23,2017,June,6,Alex,United States,International Movies
554,Mov_553_Dra,Movie,2017-10-23,2017,October,10,Olga,United Kingdom,Dramas
555,Ser_554_Thr,Series,2017-06-23,2017,June,6,Montana,United Kingdom,Thriller
556,Mov_555_TV ,Movie,2018-06-05,2018,June,6,Ivan,United Kingdom,TV Comedy
557,Ser_556_Doc,Series,2017-12-18,2017,December,12,Fatima,Not_Specified,Documentary
558,Ser_557_Act,Series,2018-05-24,2018,May,5,Russell,United States,Action
559,Mov_558_Act,Movie,2019-10-13,2019,October,10,Hiro,United Kingdom,Action
560,Mov_559_Adv,Movie,2019-04-21,2019,April,4,Naseeruddin,United Kingdom,Adventure
561,Ser_560_Int,Series,2019-02-08,2019,February,2,Russell,India,International Movies
562,Ser_561_Adv,Series,2019-11-21,2019,November,11,Stephen,Japan,Adventure
563,Mov_562_Int,Movie,2017-04-23,2017,April,4,Vikram,India,International Movies
564,Ser_563_Adv,Series,2019-01-02,2019,January,1,Maria,Not_Specified,Adventure
565,Ser_564_Sci,Series,2018-08-13,2018,August,8,Lee,India,Sci-Fi
566,Mov_565_Act,Movie,2018-10-21,2018,October,10,Chen,India,Action
567,Ser_566_Sta,Series,2017-05-01,2017,May,5,Montana,India,Stand-Up Comedy
568,Mov_567_Dra,Movie,2018-03-13,2018,March,3,Jorge,India,Dramas
569,Ser_568_Com,Series,2018-10-20,2018,October,10,Maria,Not_Specified,Comedies
570,Mov_569_Dra,Movie,2019-07-06,2019,July,7,Chris,Canada,Dramas
571,Ser_570_Sta,Series,2017-07-23,2017,July,7,Amanda2,Canada,Stand-Up Comedy
572,Ser_571_Act,Series,2017-01-13,2017,January,1,Alex,United Kingdom,Action
573,Ser_572_Thr,Series,2017-07-03,2017,July,7,Ivan,Canada,Thriller
574,Mov_573_Sta,Movie,2017-01-07,2017,January,1,Amanda,Germany,Stand-Up Comedy
575,Ser_574_Adv,Series,2017-05-26,2017,May,5,Ivan,Japan,Adventure
576,Ser_575_Act,Series,2017-11-18,2017,November,11,Patricia,France,Action
577,Mov_576_Sta,Movie,2018-03-15,2018,March,3,Chen,Germany,Stand-Up Comedy
578,Ser_577_Thr,Series,2018-04-27,2018,April,4,Alex,Not_Specified,Thriller
579,Mov_578_Int,Movie,2019-11-04,2019,November,11,Jorge,France,International Movies
580,Mov_579_TV ,Movie,2019-04-18,2019,April,4,Olga,France,TV Comedy
581,Ser_580_Thr,Series,2019-11-28,2019,November,11,Tony,Germany,Thriller
582,Mov_581_Sci,Movie,2018-02-13,2018,February,2,Fatima,Brazil,Sci-Fi
583,Mov_582_Dra,Movie,2019-11-20,2019,November,11,Chen,Not_Specified,Dramas
584,Mov_583_Act,Movie,2017-04-26,2017,April,4,Alex,France,Action
585,Mov_584_Act,Movie,2017-11-14,2017,November,11,Hiro,Japan,Action
586,Mov_585_Dra,Movie,2018-12-26,2018,December,12,Lee,Brazil,Dramas
587,Ser_586_Sci,Series,2018-09-11,2018,September,9,Chen,United States,Sci-Fi
588,Ser_587_Dra,Series,2019-10-19,2019,October,10,Maria,Not_Specified,Dramas
589,Mov_588_Dra,Movie,2017-10-19,2017,October,10,Fatima,India,Dramas
590,Ser_589_Sta,Series,2018-09-12,2018,September,9,Lee,Germany,Stand-Up Comedy
591,Mov_590_Act,Movie,2019-10-16,2019,October,10,Vikram,France,Action
592,Ser_591_Com,Series,2017-10-20,2017,October,10,Lee,United Kingdom,Comedies
593,Ser_592_Sta,Series,2019-04-02,2019,April,4,Patricia,United States,Stand-Up Comedy
594,Ser_593_Adv,Series,2018-05-10,2018,May,5,Montana,Canada,Adventure
595,Ser_594_Int,Series,2017-05-24,2017,May,5,Vikram,France,International Movies
596,Mov_595_Adv,Movie,2019-11-03,2019,November,11,Suhasini,France,Adventure
597,Ser_596_Com,Series,2019-08-25,2019,August,8,Olga,Not_Specified,Comedies
598,Ser_597_Act,Series,2017-05-23,2017,May,5,Olga,Australia,Action
599,Mov_598_Com,Movie,2017-03-07,2017,March,3,Tony,United States,Comedies
600,Mov_599_Sta,Movie,2018-01-12,2018,January,1,Patricia,Germany,Stand-Up Comedy
